{
"skeleton": { "hash": "FTkZcN/ApLECWiTqFrkQYJaLPvI", "spine": "3.4.02", "width": 61, "height": 130.09, "images": "" },
"bones": [
	{ "name": "root", "y": 5.94, "scaleX": 0.5, "scaleY": 0.5 },
	{ "name": "ring", "parent": "root", "x": -0.11, "y": -12.85 },
	{ "name": "shadow", "parent": "root", "x": 0.19, "y": -10.04, "scaleX": 1.746, "scaleY": 1.746 },
	{ "name": "totem", "parent": "root", "length": 60.85, "rotation": 89.99, "x": -0.14, "y": 36.18 }
],
"slots": [
	{ "name": "totem", "bone": "totem", "attachment": "totem" },
	{ "name": "shadow", "bone": "shadow", "attachment": "shadow" },
	{ "name": "ring", "bone": "ring", "color": "ffffff00", "attachment": "ring" }
],
"skins": {
	"default": {
		"ring": {
			"ring": { "x": -0.95, "y": 0.89, "width": 107, "height": 36 }
		},
		"shadow": {
			"shadow": { "x": -0.12, "y": -1.74, "width": 68, "height": 19 }
		},
		"totem": {
			"totem": { "x": 80.05, "y": -0.14, "rotation": -89.99, "width": 122, "height": 228 }
		}
	}
},
"animations": {
	"Appear": {
		"slots": {
			"ring": {
				"color": [
					{ "time": 0, "color": "ffffff00" },
					{ "time": 0.1, "color": "ffffffff", "curve": "stepped" },
					{ "time": 0.2333, "color": "ffffffff" },
					{ "time": 0.3666, "color": "ffffff00" }
				]
			}
		},
		"bones": {
			"root": {
				"rotate": [
					{ "time": 0, "angle": 0 }
				],
				"translate": [
					{ "time": 0, "x": 0, "y": 0, "curve": "stepped" },
					{ "time": 1.0666, "x": 0, "y": 0 }
				],
				"scale": [
					{ "time": 0, "x": 1, "y": 1, "curve": "stepped" },
					{ "time": 1.0666, "x": 1, "y": 1 }
				]
			},
			"totem": {
				"rotate": [
					{ "time": 0, "angle": 0 }
				],
				"translate": [
					{ "time": 0, "x": 0, "y": -20 },
					{ "time": 0.5, "x": 0, "y": 65.25 },
					{ "time": 0.8333, "x": 0, "y": 0 },
					{ "time": 0.9666, "x": 0, "y": 19.49 },
					{ "time": 1.0666, "x": 0, "y": 5.99 }
				],
				"scale": [
					{ "time": 0, "x": 0.1, "y": 0.1 },
					{ "time": 0.3333, "x": 1.213, "y": 0.426 },
					{ "time": 0.7333, "x": 1, "y": 1, "curve": "stepped" },
					{ "time": 0.8333, "x": 1, "y": 1, "curve": "stepped" },
					{ "time": 1.0666, "x": 1, "y": 1 }
				]
			},
			"shadow": {
				"rotate": [
					{ "time": 0, "angle": 0 }
				],
				"translate": [
					{ "time": 0, "x": 0, "y": 0, "curve": "stepped" },
					{ "time": 1.0666, "x": 0, "y": 0 }
				],
				"scale": [
					{
						"time": 0,
						"x": 0.279,
						"y": 0.279,
						"curve": [ 0.23, 0.61, 0.75, 1 ]
					},
					{ "time": 0.5, "x": 0.588, "y": 0.588 },
					{ "time": 0.8333, "x": 0.965, "y": 0.965 },
					{ "time": 0.9666, "x": 0.752, "y": 0.752 },
					{ "time": 1.0666, "x": 1, "y": 1 }
				]
			},
			"ring": {
				"rotate": [
					{ "time": 0, "angle": 0 }
				],
				"translate": [
					{ "time": 0, "x": 0, "y": 0, "curve": "stepped" },
					{ "time": 1.0666, "x": 0, "y": 0 }
				],
				"scale": [
					{ "time": 0, "x": 0.2, "y": 0.2 },
					{ "time": 0.3666, "x": 1.455, "y": 1.455, "curve": "stepped" },
					{ "time": 1.0666, "x": 1.455, "y": 1.455 }
				]
			}
		}
	},
	"Die": {
		"slots": {
			"ring": {
				"color": [
					{ "time": 0, "color": "ffffff00" }
				]
			}
		},
		"bones": {
			"root": {
				"translate": [
					{ "time": 0, "x": 0, "y": 0 }
				],
				"scale": [
					{ "time": 0, "x": 1, "y": 1 }
				]
			},
			"totem": {
				"translate": [
					{ "time": 0, "x": 0, "y": 0 },
					{ "time": 0.3333, "x": 0, "y": 31.34 },
					{ "time": 0.6666, "x": 0, "y": -23.04 }
				],
				"scale": [
					{ "time": 0, "x": 1, "y": 1 },
					{ "time": 0.3333, "x": 1.381, "y": 0.8 },
					{ "time": 0.6666, "x": 0.1, "y": 0.1 }
				]
			},
			"shadow": {
				"translate": [
					{ "time": 0, "x": 0, "y": 0 }
				],
				"scale": [
					{ "time": 0, "x": 1, "y": 1 },
					{ "time": 0.3333, "x": 0.802, "y": 0.802 },
					{ "time": 0.6666, "x": 0.21, "y": 0.21 }
				]
			},
			"ring": {
				"translate": [
					{ "time": 0, "x": 20.64, "y": 2.59 }
				],
				"scale": [
					{ "time": 0, "x": 1, "y": 1 }
				]
			}
		}
	},
	"Idle": {
		"slots": {
			"ring": {
				"color": [
					{ "time": 0.1, "color": "ffffffff", "curve": "stepped" },
					{ "time": 0.3333, "color": "ffffffff" },
					{ "time": 0.6, "color": "00dcff32" },
					{ "time": 0.6666, "color": "ffffff00" }
				]
			}
		},
		"bones": {
			"totem": {
				"translate": [
					{
						"time": 0,
						"x": 0,
						"y": 5.99,
						"curve": [ 0.25, 0, 0.75, 1 ]
					},
					{
						"time": 0.3333,
						"x": 0,
						"y": -1.17,
						"curve": [ 0.25, 0, 0.75, 1 ]
					},
					{ "time": 0.6666, "x": 0, "y": 5.99 }
				],
				"scale": [
					{ "time": 0, "x": 1, "y": 1, "curve": "stepped" },
					{ "time": 0.6666, "x": 1, "y": 1 }
				]
			},
			"ring": {
				"translate": [
					{ "time": 0, "x": 0, "y": 0 }
				],
				"scale": [
					{ "time": 0, "x": 0.641, "y": 0.641 },
					{ "time": 0.6666, "x": 2.176, "y": 2.176 }
				]
			},
			"shadow": {
				"translate": [
					{ "time": 0, "x": 0, "y": 0, "curve": "stepped" },
					{ "time": 0.6666, "x": 0, "y": 0 }
				],
				"scale": [
					{ "time": 0, "x": 1, "y": 1 },
					{ "time": 0.3333, "x": 1.229, "y": 1.229 },
					{ "time": 0.6666, "x": 1, "y": 1 }
				]
			},
			"root": {
				"translate": [
					{ "time": 0, "x": 0, "y": 0 }
				],
				"scale": [
					{ "time": 0, "x": 1, "y": 1 }
				]
			}
		}
	}
}
}